Date,Electricity Demand
2019/1/1,17884.48306
2019/1/2,18948.17568
2019/1/3,19266.96953
2019/1/4,19298.11778
2019/1/5,19385.59909
2019/1/6,19148.8914
2019/1/7,19597.47068
2019/1/8,19676.65061
2019/1/9,19521.58183
2019/1/10,19366.77423
2019/1/11,19153.76178
2019/1/12,18783.24277
2019/1/13,18518.68533
2019/1/14,18876.34578
2019/1/15,19070.94527
2019/1/16,19132.11461
2019/1/17,19245.45824
2019/1/18,19151.21415
2019/1/19,18599.53028
2019/1/20,18165.86923
2019/1/21,18481.20783
2019/1/22,18405.91523
2019/1/23,18393.85779
2019/1/24,18577.02751
2019/1/25,18419.62693
2019/1/26,17993.74368
2019/1/27,17534.97304
2019/1/28,17949.11582
2019/1/29,17756.13762
2019/1/30,17761.47882
2019/1/31,17589.14754
2019/2/1,17202.50532
2019/2/2,16626.45465
2019/2/3,16173.09335
2019/2/4,15957.43148
2019/2/5,14945.90767
2019/2/6,15006.95926
2019/2/7,15365.42523
2019/2/8,15696.75085
2019/2/9,15867.79794
2019/2/10,16507.13728
2019/2/11,17168.62123
2019/2/12,17549.3429
2019/2/13,17795.42861
2019/2/14,17960.01188
2019/2/15,18118.3111
2019/2/16,17753.94795
2019/2/17,17228.98991
2019/2/18,17361.60293
2019/2/19,17424.11566
2019/2/20,17827.39569
2019/2/21,17629.13738
2019/2/22,17468.08048
2019/2/23,16938.63166
2019/2/24,16711.65275
2019/2/25,17074.98772
2019/2/26,17350.1986
2019/2/27,17579.64191
2019/2/28,17480.39956
2019/3/1,17194.53436
2019/3/2,16717.97768
2019/3/3,16496.6255
2019/3/4,17258.75689
2019/3/5,17130.89126
2019/3/6,17224.26722
2019/3/7,17170.86613
2019/3/8,16749.76117
2019/3/9,16795.50236
2019/3/10,16634.22937
2019/3/11,16975.80306
2019/3/12,17353.02391
2019/3/13,17665.61839
2019/3/14,17447.75555
2019/3/15,17056.71748
2019/3/16,16952.42877
2019/3/17,16464.92621
2019/3/18,16497.61834
2019/3/19,16479.03581
2019/3/20,16773.78526
2019/3/21,17122.35267
2019/3/22,16977.10213
2019/3/23,16610.45938
2019/3/24,16180.62234
2019/3/25,16667.01566
2019/3/26,16915.81085
2019/3/27,16934.92719
2019/3/28,16802.3264
2019/3/29,16790.17197
2019/3/30,16666.72482
2019/3/31,16461.02946
2019/4/1,16927.54264
2019/4/2,17157.23092
2019/4/3,16876.93048
2019/4/4,16794.81293
2019/4/5,15944.89883
2019/4/6,16056.11233
2019/4/7,16372.25851
2019/4/8,16832.37491
2019/4/9,16789.7387
2019/4/10,16532.6939
2019/4/11,16304.88486
2019/4/12,15926.97933
2019/4/13,15866.93195
2019/4/14,15624.32965
2019/4/15,15662.93566
2019/4/16,15686.78528
2019/4/17,15447.15605
2019/4/18,15743.59565
2019/4/19,15835.04074
2019/4/20,15719.73573
2019/4/21,15305.49689
2019/4/22,15665.45166
2019/4/23,15877.39028
2019/4/24,16082.33941
2019/4/25,16107.85704
2019/4/26,16359.47802
2019/4/27,15826.9652
2019/4/28,15664.68957
2019/4/29,15726.01978
2019/4/30,15860.63728
2019/5/1,14757.23056
2019/5/2,14855.88621
2019/5/3,15267.71327
2019/5/4,15405.65915
2019/5/5,15882.89002
2019/5/6,16376.74472
2019/5/7,16472.2363
2019/5/8,16226.69698
2019/5/9,16430.52109
2019/5/10,16406.14833
2019/5/11,16274.01784
2019/5/12,16148.32261
2019/5/13,16248.98296
2019/5/14,16623.50552
2019/5/15,16527.30784
2019/5/16,16566.36744
2019/5/17,16333.63634
2019/5/18,15852.05851
2019/5/19,15202.27343
2019/5/20,15095.71291
2019/5/21,15114.13059
2019/5/22,15235.61115
2019/5/23,15577.31243
2019/5/24,15848.43798
2019/5/25,15837.59575
2019/5/26,14829.86202
2019/5/27,14772.31998
2019/5/28,14741.27006
2019/5/29,14826.69108
2019/5/30,14962.35224
2019/5/31,15178.55613
2019/6/1,14893.84156
2019/6/2,15016.70014
2019/6/3,15322.3662
2019/6/4,15441.10746
2019/6/5,15624.26082
2019/6/6,15782.04747
2019/6/7,14129.48149
2019/6/8,14016.15523
2019/6/9,14592.55048
2019/6/10,15462.86766
2019/6/11,15429.24165
2019/6/12,15661.94528
2019/6/13,15436.62269
2019/6/14,15271.33283
2019/6/15,14922.41833
2019/6/16,14803.42436
2019/6/17,15351.36759
2019/6/18,15847.90172
2019/6/19,16022.60797
2019/6/20,15805.35919
2019/6/21,15947.12558
2019/6/22,15756.07552
2019/6/23,15749.52977
2019/6/24,16509.03503
2019/6/25,16797.02161
2019/6/26,16704.44335
2019/6/27,16698.14144
2019/6/28,16158.55161
2019/6/29,15412.81234
2019/6/30,14878.77968
2019/7/1,15629.07818
2019/7/2,16089.95109
2019/7/3,16011.9755
2019/7/4,16228.62976
2019/7/5,16369.19368
2019/7/6,16120.01614
2019/7/7,16241.34618
2019/7/8,16994.77172
2019/7/9,17474.15003
2019/7/10,17383.69083
2019/7/11,17212.00268
2019/7/12,17120.5526
2019/7/13,16549.34364
2019/7/14,16231.80709
2019/7/15,17123.80662
2019/7/16,17037.24305
2019/7/17,16702.6286
2019/7/18,17166.35737
2019/7/19,17684.10637
2019/7/20,17752.9784
2019/7/21,16639.41058
2019/7/22,17227.26158
2019/7/23,16914.7267
2019/7/24,16936.47606
2019/7/25,16605.7782
2019/7/26,16950.08392
2019/7/27,16939.40683
2019/7/28,16883.49221
2019/7/29,17410.0998
2019/7/30,17173.81885
2019/7/31,17314.46946
2019/8/1,17289.37678
2019/8/2,17773.34851
2019/8/3,16959.62883
2019/8/4,16970.34745
2019/8/5,17689.14581
2019/8/6,17614.79815
2019/8/7,17711.2679
2019/8/8,16968.79225
2019/8/9,16654.31144
2019/8/10,16531.12304
2019/8/11,15631.26309
2019/8/12,15640.51084
2019/8/13,16008.4753
2019/8/14,15848.35377
2019/8/15,15819.72264
2019/8/16,15487.30683
2019/8/17,14919.65316
2019/8/18,14708.86315
2019/8/19,15244.65625
2019/8/20,15310.73123
2019/8/21,15252.94563
2019/8/22,15427.38721
2019/8/23,15511.61106
2019/8/24,15646.99361
2019/8/25,15393.28431
2019/8/26,15640.65231
2019/8/27,15908.53445
2019/8/28,15940.37789
2019/8/29,15682.00683
2019/8/30,15557.23796
2019/8/31,15421.47939
2019/9/1,14992.28775
2019/9/2,15832.94633
2019/9/3,16125.26897
2019/9/4,16127.29422
2019/9/5,16304.95857
2019/9/6,16363.24943
2019/9/7,15958.28327
2019/9/8,15097.65811
2019/9/9,15390.05709
2019/9/10,15258.15449
2019/9/11,15439.57006
2019/9/12,15408.77812
2019/9/13,14120.15347
2019/9/14,14394.66334
2019/9/15,14831.16558
2019/9/16,15100.59929
2019/9/17,15202.65892
2019/9/18,15386.05777
2019/9/19,15736.7276
2019/9/20,15848.27768
2019/9/21,15708.25623
2019/9/22,15549.47369
2019/9/23,15938.71071
2019/9/24,16103.3096
2019/9/25,15872.64313
2019/9/26,15989.11161
2019/9/27,15927.7812
2019/9/28,15675.75802
2019/9/29,15537.97718
2019/9/30,15024.6059
2019/10/1,14042.25784
2019/10/2,13940.96695
2019/10/3,14023.09974
2019/10/4,14435.13274
2019/10/5,14793.28085
2019/10/6,14867.37498
2019/10/7,15198.50188
2019/10/8,15681.00892
2019/10/9,15516.24572
2019/10/10,15904.17878
2019/10/11,16089.69086
2019/10/12,16105.57192
2019/10/13,16224.08408
2019/10/14,16569.47697
2019/10/15,16791.08967
2019/10/16,16913.1723
2019/10/17,16759.06484
2019/10/18,17115.87948
2019/10/19,17075.01098
2019/10/20,16802.28681
2019/10/21,16869.75687
2019/10/22,17003.12754
2019/10/23,16905.20949
2019/10/24,16983.20534
2019/10/25,17654.60264
2019/10/26,17345.40249
2019/10/27,17000.51005
2019/10/28,17386.51053
2019/10/29,17446.39472
2019/10/30,17151.69398
2019/10/31,16701.5981
2019/11/1,16901.31499
2019/11/2,16857.1407
2019/11/3,17229.15347
2019/11/4,17464.73104
2019/11/5,17736.5072
2019/11/6,18107.11586
2019/11/7,18088.90602
2019/11/8,17908.54116
2019/11/9,17878.23165
2019/11/10,17456.56074
2019/11/11,17618.70906
2019/11/12,18132.43546
2019/11/13,18580.40374
2019/11/14,18712.22118
2019/11/15,18810.03747
2019/11/16,18892.21645
2019/11/17,18781.80996
2019/11/18,18937.24334
2019/11/19,19423.47987
2019/11/20,19723.91498
2019/11/21,19642.5677
2019/11/22,19026.0159
2019/11/23,18924.25223
2019/11/24,18797.60445
2019/11/25,19278.35844
2019/11/26,19448.65897
2019/11/27,19762.70774
2019/11/28,19902.15642
2019/11/29,19992.99025
2019/11/30,19657.42058
2019/12/1,19111.29664
2019/12/2,19705.85743
2019/12/3,20062.81283
2019/12/4,20481.76172
2019/12/5,20853.42844
2019/12/6,20609.41299
2019/12/7,20199.43645
2019/12/8,19836.97959
2019/12/9,20315.87183
2019/12/10,20146.15747
2019/12/11,20338.37024
2019/12/12,20221.13148
2019/12/13,20051.12682
2019/12/14,19677.66939
2019/12/15,19169.31862
2019/12/16,19923.64492
2019/12/17,19704.83357
2019/12/18,20210.97475
2019/12/19,20437.19653
2019/12/20,20380.70714
2019/12/21,20203.07628
2019/12/22,20127.44509
2019/12/23,20925.13998
2019/12/24,21131.59334
2019/12/25,20752.6295
2019/12/26,21366.00894
2019/12/27,21450.44197
2019/12/28,20926.20566
2019/12/29,20112.23131
2019/12/30,20540.1244
2019/12/31,20481.60005
2020/1/1,20792.35462
2020/1/2,16690.03353
2020/1/3,21409.60464
2020/1/4,21195.28257
2020/1/5,20988.09696
2020/1/6,21174.05516
2020/1/7,21433.48604
2020/1/8,21291.47775
2020/1/9,21444.04365
2020/1/10,21525.97752
2020/1/11,21103.50415
2020/1/12,20966.79284
2020/1/13,21310.00337
2020/1/14,21643.24501
2020/1/15,21569.79465
2020/1/16,21203.96973
2020/1/17,21114.11356
2020/1/18,20787.41691
2020/1/19,20771.54502
2020/1/20,20702.89509
2020/1/21,19824.98843
2020/1/22,19350.49111
2020/1/23,19281.2945
2020/1/24,18006.36228
2020/1/25,16928.01203
2020/1/26,17441.0535
2020/1/27,17113.11261
2020/1/28,17084.01992
2020/1/29,17896.8465
2020/1/30,17586.8915
2020/1/31,17481.22006
2020/2/1,18317.03474
2020/2/2,17162.84436
2020/2/3,17256.54317
2020/2/4,17325.95877
2020/2/5,17506.21475
2020/2/6,17323.04333
2020/2/7,17283.09483
2020/2/8,17168.95415
2020/2/9,17023.77503
2020/2/10,17180.48135
2020/2/11,16961.66486
2020/2/12,17789.08916
2020/2/13,17646.92041
2020/2/14,18007.60696
2020/2/15,17974.876
2020/2/16,17100.9071
2020/2/17,17660.93769
2020/2/18,17722.3747
2020/2/19,18469.24063
2020/2/20,18182.39623
2020/2/21,18336.20924
2020/2/22,18068.59054
2020/2/23,16960.26887
2020/2/24,17810.97582
2020/2/25,18341.48522
2020/2/26,18274.94177
2020/2/27,18123.16906
2020/2/28,18349.30441
2020/2/29,17984.92126
2020/3/1,17957.2767
2020/3/2,18421.25848
2020/3/3,18732.99489
2020/3/4,16766.73282
2020/3/5,18353.40279
2020/3/6,17892.74612
2020/3/7,18220.62237
2020/3/8,17820.88354
2020/3/9,17952.31698
2020/3/10,18064.06632
2020/3/11,18080.81779
2020/3/12,18880.354
2020/3/13,18656.38575
2020/3/14,18377.71599
2020/3/15,18506.02318
2020/3/16,18290.35799
2020/3/17,18446.16374
2020/3/18,18305.34562
2020/3/19,18110.03261
2020/3/20,18128.59248
2020/3/21,17682.27948
2020/3/22,17519.01528
2020/3/23,17784.64723
2020/3/24,18216.24609
2020/3/25,18119.44174
2020/3/26,18430.15174
2020/3/27,18343.86914
2020/3/28,17936.05723
2020/3/29,17651.14706
2020/3/30,17747.29574
2020/3/31,17991.43487
2020/4/1,17633.33972
2020/4/2,17628.46456
2020/4/3,17735.05932
2020/4/4,17071.01789
2020/4/5,16881.29441
2020/4/6,17521.95596
2020/4/7,17848.55472
2020/4/8,18136.90258
2020/4/9,17889.47791
2020/4/10,17301.52799
2020/4/11,17189.01814
2020/4/12,16610.96183
2020/4/13,16956.7017
2020/4/14,17071.91289
2020/4/15,17125.22008
2020/4/16,16799.77939
2020/4/17,17023.85084
2020/4/18,16630.93748
2020/4/19,16458.72059
2020/4/20,17252.49612
2020/4/21,17749.19153
2020/4/22,18332.70239
2020/4/23,18215.402
2020/4/24,18064.63058
2020/4/25,17763.8
2020/4/26,17711.85016
2020/4/27,18466.69616
2020/4/28,18020.50381
2020/4/29,17749.43766
2020/4/30,18256.38194
2020/5/1,14830.19769
2020/5/2,15729.97826
2020/5/3,16179.57044
2020/5/4,16386.51852
2020/5/5,16813.15059
2020/5/6,16983.0877
2020/5/7,18178.29924
2020/5/8,17488.45914
2020/5/9,18302.12278
2020/5/10,17337.21969
2020/5/11,17788.5786
2020/5/12,18081.6007
2020/5/13,18254.56013
2020/5/14,18272.97309
2020/5/15,18582.47426
2020/5/16,18161.35014
2020/5/17,16160.43836
2020/5/18,17739.42043
2020/5/19,18014.19276
2020/5/20,17818.65898
2020/5/21,18152.50155
2020/5/22,17989.31114
2020/5/23,17726.37467
2020/5/24,17089.39309
2020/5/25,16364.7815
2020/5/26,15669.58654
2020/5/27,15891.92165
2020/5/28,16041.67825
2020/5/29,16149.20531
2020/5/30,15854.07829
2020/5/31,12976.9691
2020/6/1,16175.79022
2020/6/2,16670.26339
2020/6/3,16621.47903
2020/6/4,16857.29
2020/6/5,16386.00002
2020/6/6,17091.07386
2020/6/7,17150.82769
2020/6/8,17920.58764
2020/6/9,17731.78478
2020/6/10,17169.814
2020/6/11,16952.09021
2020/6/12,17620.6518
2020/6/13,17370.63793
2020/6/14,16201.15644
2020/6/15,16759.75688
2020/6/16,16580.18083
2020/6/17,17657.348
2020/6/18,17611.81341
2020/6/19,17800.3734
2020/6/20,17304.31903
2020/6/21,16534.38734
2020/6/22,17566.85158
2020/6/23,17352.908
2020/6/24,16994.99019
2020/6/25,15732.39486
2020/6/26,15125.29181
2020/6/27,16784.1679
2020/6/28,17130.25314
2020/6/29,17631.97929
2020/6/30,17738.33386
2020/7/1,17147.7774
2020/7/2,17533.5723
2020/7/3,17668.9429
2020/7/4,17677.15174
2020/7/5,16420.6041
2020/7/6,16153.52411
2020/7/7,16647.8989
2020/7/8,17240.7444
2020/7/9,17622.1031
2020/7/10,17726.5074
2020/7/11,17723.31562
2020/7/12,17822.78644
2020/7/13,18125.26784
2020/7/14,18381.3939
2020/7/15,18585.93401
2020/7/16,19172.52827
2020/7/17,18601.51576
2020/7/18,18642.0419
2020/7/19,18677.652
2020/7/20,17499.68503
2020/7/21,18408.1404
2020/7/22,20191.12696
2020/7/23,19428.37432
2020/7/24,20644.88626
2020/7/25,18986.12146
2020/7/26,19944.85959
2020/7/27,19080.5307
2020/7/28,16303.04047
2020/7/29,17823.36838
2020/7/30,17802.505
2020/7/31,17900.95079
2020/8/1,17499.64086
2020/8/2,16746.48907
2020/8/3,16811.52046
2020/8/4,16721.72584
2020/8/5,17138.54859
2020/8/6,17341.81279
2020/8/7,17316.19103
2020/8/8,17108.19323
2020/8/9,16458.47771
2020/8/10,17042.95133
2020/8/11,17449.37879
2020/8/12,17586.83644
2020/8/13,16828.93254
2020/8/14,16756.23885
2020/8/15,16750.93277
2020/8/16,16700.12204
2020/8/17,17104.19844
2020/8/18,17478.55199
2020/8/19,16632.5645
2020/8/20,16431.92559
2020/8/21,16651.99693
2020/8/22,16566.83613
2020/8/23,16364.5143
2020/8/24,16434.78324
2020/8/25,16733.58278
2020/8/26,17018.36406
2020/8/27,15811.29044
2020/8/28,16253.69376
2020/8/29,16202.16392
2020/8/30,15944.91687
2020/8/31,16614.01842
2020/9/1,16466.00108
2020/9/2,16476.10934
2020/9/3,15609.20459
2020/9/4,15779.736
2020/9/5,16131.0475
2020/9/6,16954.29336
2020/9/7,16203.43726
2020/9/8,15752.46349
2020/9/9,15813.26713
2020/9/10,16131.32532
2020/9/11,17210.31312
2020/9/12,16444.18565
2020/9/13,16065.61457
2020/9/14,16402.28403
2020/9/15,16445.56693
2020/9/16,16449.8903
2020/9/17,17191.20203
2020/9/18,16537.3736
2020/9/19,17414.76737
2020/9/20,16148.37928
2020/9/21,16514.64652
2020/9/22,16820.44051
2020/9/23,16740.7445
2020/9/24,16709.65356
2020/9/25,16878.12234
2020/9/26,16678.40855
2020/9/27,16654.13535
2020/9/28,16746.77633
2020/9/29,16602.73739
2020/9/30,16142.05342
2020/10/1,14798.4728
2020/10/2,14560.9415
2020/10/3,14871.177
2020/10/4,16372.26591
2020/10/5,15964.61448
2020/10/6,16363.73469
2020/10/7,16530.37998
2020/10/8,17728.556
2020/10/9,17015.60782
2020/10/10,16867.09601
2020/10/11,16797.50118
2020/10/12,18124.1259
2020/10/13,18560.4199
2020/10/14,18051.0454
2020/10/15,18189.3057
2020/10/16,18216.6864
2020/10/17,19024.08718
2020/10/18,17932.1787
2020/10/19,18124.63313
2020/10/20,18186.85471
2020/10/21,18711.87714
2020/10/22,19748.12341
2020/10/23,18923.52176
2020/10/24,18812.53235
2020/10/25,18393.62564
2020/10/26,18591.30908
2020/10/27,18734.28787
2020/10/28,18920.12479
2020/10/29,19045.79717
2020/10/30,18989.99337
2020/10/31,18925.57943
2020/11/1,18444.91496
2020/11/2,19033.46589
2020/11/3,19450.13559
2020/11/4,19382.04103
2020/11/5,19399.80948
2020/11/6,19122.41096
2020/11/7,19861.614
2020/11/8,19006.69584
2020/11/9,19483.12388
2020/11/10,19574.64778
2020/11/11,19245.83456
2020/11/12,19148.83564
2020/11/13,19160.67413
2020/11/14,19843.59777
2020/11/15,18896.98471
2020/11/16,19348.26284
2020/11/17,19318.66411
2020/11/18,19291.16721
2020/11/19,17060.40741
2020/11/20,18600.55206
2020/11/21,19123.4897
2020/11/22,19725.21503
2020/11/23,20064.00944
2020/11/24,20109.18435
2020/11/25,20127.86178
2020/11/26,19613.12794
2020/11/27,19819.03544
2020/11/28,19742.14459
2020/11/29,19761.3274
2020/11/30,20491.04984
2020/12/1,21000.52887
2020/12/2,20730.8439
2020/12/3,20710.47446
2020/12/4,20714.027
2020/12/5,20368.84656
2020/12/6,20053.07789
2020/12/7,20352.58452
2020/12/8,20673.1619
2020/12/9,20617.36146
2020/12/10,20575.22745
2020/12/11,20327.00985
2020/12/12,20570.92735
2020/12/13,20771.2613
2020/12/14,21112.92145
2020/12/15,21494.90066
2020/12/16,22070.39066
2020/12/17,21566.76424
2020/12/18,21429.55136
2020/12/19,22897.27236
2020/12/20,21037.01327
2020/12/21,20837.89693
2020/12/22,20735.8555
2020/12/23,20542.60782
2020/12/24,20900.28599
2020/12/25,21062.08932
2020/12/26,20977.46701
2020/12/27,20694.09484
2020/12/28,21158.20474
2020/12/29,21690.6234
2020/12/30,21924.53701
2020/12/31,21358.4015
2021/1/1,20806.7177
2021/1/2,21477.4818
2021/1/3,21943.4014
2021/1/4,22630.9247
2021/1/5,22844.8604
2021/1/6,23191.6873
2021/1/7,23440.5954
2021/1/8,23427.1206
2021/1/9,22890.8978
2021/1/10,22315.7167
2021/1/11,22555.3041
2021/1/12,22548.591
2021/1/13,22427.3336
2021/1/14,22387.457
2021/1/15,22237.7602
2021/1/16,22049.1383
2021/1/17,22208.2268
2021/1/18,22138.2133
2021/1/19,22301.0418
2021/1/20,22159.0323
2021/1/21,21047.3822
2021/1/22,20673.6859
2021/1/23,20232.0206
2021/1/24,19785.2587
2021/1/25,20674.2109
2021/1/26,20738.9439
2021/1/27,20690.3314
2021/1/28,21056.2006
2021/1/29,21501.0477
2021/1/30,21273.1118
2021/1/31,20893.039
2021/2/1,21090.8325
2021/2/2,21537.2799
2021/2/3,21084.769
2021/2/4,20613.2488
2021/2/5,20150.5837
2021/2/6,19815.4424
2021/2/7,20307.3083
2021/2/8,19598.8035
2021/2/9,19516.2523
2021/2/10,18479.6437
2021/2/11,18590.2306
2021/2/12,17893.33698
2021/2/13,17741.84601
2021/2/14,18458.02786
2021/2/15,18643.4622
2021/2/16,19209.95709
2021/2/17,19230.851
2021/2/18,19015.0768
2021/2/19,19191.6292
2021/2/20,19277.5486
2021/2/21,18801.9253
2021/2/22,20540.7319
2021/2/23,19864.7665
2021/2/24,19752.1605
2021/2/25,19544.9993
2021/2/26,18968.5776
2021/2/27,19760.791
2021/2/28,19034.8926
2021/3/1,18049.89479
2021/3/2,20192.759
2021/3/3,19926.2687
2021/3/4,19647.1041
2021/3/5,20444.9346
2021/3/6,19729.6732
2021/3/7,19271.5683
2021/3/8,19498.2
2021/3/9,19677.0035
2021/3/10,19070.7091
2021/3/11,19531.7593
2021/3/12,18937.0635
2021/3/13,18605.8388
2021/3/14,18521.3411
2021/3/15,19041.45249
2021/3/16,19475.9293
2021/3/17,18942.5178
2021/3/18,18776.3659
2021/3/19,18770.016
2021/3/20,18705.1348
2021/3/21,19113.1133
2021/3/22,18656.6653
2021/3/23,18898.7116
2021/3/24,18489.5799
2021/3/25,18379.1029
2021/3/26,18371.86063
2021/3/27,18332.54163
2021/3/28,18189.2933
2021/3/29,18704.0895
2021/3/30,18699.2838
2021/3/31,18781.9449
2021/4/1,18132.5578
2021/4/2,18196.539
2021/4/3,18099.629
2021/4/4,16966.4695
2021/4/5,18012.6278
2021/4/6,18512.89
2021/4/7,18842.18324
2021/4/8,18437.0781
2021/4/9,18280.1609
2021/4/10,18044.32
2021/4/11,17585.89766
2021/4/12,17995.6057
2021/4/13,17899.6241
2021/4/14,18324.9095
2021/4/15,18025.8651
2021/4/16,18850.3014
2021/4/17,18325.9725
2021/4/18,17646.6645
2021/4/19,18038.8815
2021/4/20,18026.2248
2021/4/21,17898.1083
2021/4/22,18051.1374
2021/4/23,17987.3076
2021/4/24,18052.6834
2021/4/25,17761.5416
2021/4/26,17837.2984
2021/4/27,18409.06072
2021/4/28,18470.40909
2021/4/29,17860.14386
2021/4/30,18392.61693
2021/5/1,16016.41115
2021/5/2,15913.79476
2021/5/3,16391.94238
2021/5/4,17114.56476
2021/5/5,17804.34955
2021/5/6,17834.63486
2021/5/7,17695.62211
2021/5/8,17777.94039
2021/5/9,17483.23921
2021/5/10,17879.04095
2021/5/11,17641.75739
2021/5/12,17771.33426
2021/5/13,18096.08401
2021/5/14,17831.67837
2021/5/15,17546.78755
2021/5/16,17161.68481
2021/5/17,17638.69333
2021/5/18,17782.66368
2021/5/19,18115.82586
2021/5/20,18220.37428
2021/5/21,18071.92963
2021/5/22,18473.45121
2021/5/23,17191.69805
2021/5/24,17470.06351
2021/5/25,17759.61838
2021/5/26,17744.514
2021/5/27,18541.1701
2021/5/28,17763.16509
2021/5/29,17737.19427
2021/5/30,17154.54796
2021/5/31,17154.54796
2021/6/1,17677.15591
2021/6/2,17901.2157
2021/6/3,17006.74504
2021/6/4,17349.45769
2021/6/5,16986.49809
2021/6/6,16996.80046
2021/6/7,17037.3126
2021/6/8,17684.41971
2021/6/9,17323.8995
2021/6/10,17430.2833
2021/6/11,17791.71277
2021/6/12,17419.8795
2021/6/13,16670.50312
2021/6/14,15313.13159
2021/6/15,16060.03039
2021/6/16,16984.70267
2021/6/17,16682.40808
2021/6/18,16326.3729
2021/6/19,16054.7559
2021/6/20,15880.92323
2021/6/21,16202.73891
2021/6/22,16540.0947
2021/6/23,17061.1673
2021/6/24,17382.3289
2021/6/25,17450.25507
2021/6/26,16578.47662
2021/6/27,16627.84204
2021/6/28,16979.83131
2021/6/29,17730.3471
2021/6/30,17439.28767
2021/7/1,16198.0627
2021/7/2,16557.9153
2021/7/3,16704.91978
2021/7/4,16299.91382
2021/7/5,17023.84634
2021/7/6,17108.2401
2021/7/7,16883.27456
2021/7/8,17354.58869
2021/7/9,17279.24153
2021/7/10,16710.18693
2021/7/11,17528.59392
2021/7/12,18627.58082
2021/7/13,18860.67606
2021/7/14,19687.7033
2021/7/15,19520.71017
2021/7/16,19274.68497
2021/7/17,19702.3857
2021/7/18,19080.8464
2021/7/19,19893.5362
2021/7/20,20188.36522
2021/7/21,20453.87357
2021/7/22,20929.5316
2021/7/23,20509.0956
2021/7/24,19937.76417
2021/7/25,19276.53318
2021/7/26,19648.64572
2021/7/27,20399.02559
2021/7/28,20143.87624
2021/7/29,19792.7659
2021/7/30,18763.44905
2021/7/31,18309.01039
2021/8/1,17582.68474
2021/8/2,16838.7817
2021/8/3,16870.83322
2021/8/4,17308.234
2021/8/5,17494.58403
2021/8/6,17444.56164
2021/8/7,17178.22238
2021/8/8,17411.71495
2021/8/9,18167.76565
2021/8/10,17392.61488
2021/8/11,17722.25641
2021/8/12,16882.61556
2021/8/13,16833.97784
2021/8/14,16555.72605
2021/8/15,16718.9264
2021/8/16,17154.12889
2021/8/17,17021.26501
2021/8/18,17405.88971
2021/8/19,17534.32708
2021/8/20,17308.99462
2021/8/21,17094.4134
2021/8/22,16680.19105
2021/8/23,17241.2764
2021/8/24,17453.2989
2021/8/25,17274.08897
2021/8/26,17234.58049
2021/8/27,17190.4654
2021/8/28,16608.43019
2021/8/29,16409.36256
2021/8/30,16854.25416
2021/8/31,17148.6115
2021/9/1,17133.76105
2021/9/2,17916.78188
2021/9/3,17303.05426
2021/9/4,17168.9934
2021/9/5,17097.70746
2021/9/6,17026.07275
2021/9/7,17317.19189
2021/9/8,17259.01248
2021/9/9,16833.76483
2021/9/10,16656.6887
2021/9/11,16434.1302
2021/9/12,16319.2321
2021/9/13,16776.6432
2021/9/14,16840.0862
2021/9/15,16889.46198
2021/9/16,16889.46198
2021/9/17,17265.66329
2021/9/18,17032.0584
2021/9/19,16612.4496
2021/9/20,16747.42312
2021/9/21,15882.89248
2021/9/22,16971.60295
2021/9/23,16590.90998
2021/9/24,16186.0258
2021/9/25,15945.2336
2021/9/26,16218.8772
2021/9/27,15842.89223
2021/9/28,15582.81736
2021/9/29,16041.321
2021/9/30,16653.8247
2021/10/1,16199.05583
2021/10/2,16154.4895
2021/10/3,16363.78258
2021/10/4,16635.2472
2021/10/5,17105.2993
2021/10/6,17287.2778
2021/10/7,17625.5376
2021/10/8,17678.6007
2021/10/9,17333.1582
2021/10/10,17451.16605
2021/10/11,16827.02889
2021/10/12,17764.74493
2021/10/13,17929.2252
2021/10/14,18424.44134
2021/10/15,18329.45084
2021/10/16,19481.70516
2021/10/17,18523.73477
2021/10/18,19330.48249
2021/10/19,19537.15288
2021/10/20,19561.05504
2021/10/21,19354.62298
2021/10/22,19894.62785
2021/10/23,18877.70334
2021/10/24,18429.70927
2021/10/25,18810.45617
2021/10/26,19189.04653
2021/10/27,21286.56197
2021/10/28,18953.34119
2021/10/29,19060.2076
2021/10/30,19479.89209
2021/10/31,18831.06827
2021/11/1,21140.29776
2021/11/2,20047.3181
2021/11/3,19382.37881
2021/11/4,19773.2392
2021/11/5,19028.46795
2021/11/6,19374.00088
2021/11/7,19580.75589
2021/11/8,19570.28291
2021/11/9,19771.86151
2021/11/10,19903.35238
2021/11/11,20117.00951
2021/11/12,20102.09987
2021/11/13,19451.28055
2021/11/14,19578.05256
2021/11/15,19935.72017
2021/11/16,20339.62922
2021/11/17,19838.91111
2021/11/18,19786.43414
2021/11/19,19857.64334
2021/11/20,19663.5927
2021/11/21,19800.00928
2021/11/22,21904.66219
2021/11/23,21242.33308
2021/11/24,21495.65076
2021/11/25,21668.30027
2021/11/26,21445.16389
2021/11/27,21117.20145
2021/11/28,20179.49302
2021/11/29,20917.44136
2021/11/30,21343.41967
2021/12/1,21381.24531
2021/12/2,21192.26846
2021/12/3,21333.96023
2021/12/4,21095.96997
2021/12/5,20332.97125
2021/12/6,20695.26043
2021/12/7,20807.76879
2021/12/8,20849.02404
2021/12/9,20760.27739
2021/12/10,20736.2291
2021/12/11,20312.58507
2021/12/12,20426.59761
2021/12/13,21868.41213
2021/12/14,21042.84618
2021/12/15,21048.39535
2021/12/16,21476.68636
2021/12/17,22033.85225
2021/12/18,21821.79441
2021/12/19,21349.32295
2021/12/20,21488.75029
2021/12/21,21904.25497
2021/12/22,22023.38723
2021/12/23,22715.45749
2021/12/24,23753.22215
2021/12/25,23532.28479
2021/12/26,23305.13686
2021/12/27,23753.22215
2021/12/28,23380.33954
2021/12/29,23396.45074
2021/12/30,23280.2953
2021/12/31,23506.49172
2022/1/1,24432.00109
2022/1/2,24852.07914
2022/1/3,25322.06331
2022/1/4,25343.9818
2022/1/5,25420.51469
2022/1/6,25435.31824
2022/1/7,25092.48441
2022/1/8,24791.7465
2022/1/9,24501.02123
2022/1/10,25074.28626
2022/1/11,25976.57074
2022/1/12,25999.9099
2022/1/13,26088.04567
2022/1/14,25599.89685
2022/1/15,24950.96066
2022/1/16,25009.56198
2022/1/17,25604.53598
2022/1/18,25584.43932
2022/1/19,25640.2332
2022/1/20,25693.17016
2022/1/21,25704.02793
2022/1/22,25065.28992
2022/1/23,24748.37147
2022/1/24,24420.34563
2022/1/25,24493.05881
2022/1/26,24396.17812
2022/1/27,24106.72176
2022/1/28,24794.89221
2022/1/29,24042.13781
2022/1/30,22830.21196
2022/1/31,21582.08093
2022/2/1,20719.93306
2022/2/2,20461.48938
2022/2/3,20916.53801
2022/2/4,22050.57905
2022/2/5,21582.09388
2022/2/6,21748.34936
2022/2/7,21848.31297
2022/2/8,22210.27695
2022/2/9,23308.79741
2022/2/10,22537.06239
2022/2/11,23101.26928
2022/2/12,23205.67047
2022/2/13,23019.47998
2022/2/14,23899.28976
2022/2/15,23591.21658
2022/2/16,24620.64203
2022/2/17,24390.67954
2022/2/18,24415.36954
2022/2/19,24149.54466
2022/2/20,23632.14927
2022/2/21,24439.70892
2022/2/22,24693.19924
2022/2/23,24255.48955
2022/2/24,23838.28058
2022/2/25,23800.84249
2022/2/26,23619.20357
2022/2/27,23239.78573
2022/2/28,23001.29958
2022/3/1,23159.20459
2022/3/2,23241.21175
2022/3/3,23097.26366
2022/3/4,23159.20459
2022/3/5,22945.90422
2022/3/6,21707.48067
2022/3/7,22023.07405
2022/3/8,21871.22372
2022/3/9,22389.90061
2022/3/10,21663.74198
2022/3/11,21186.41569
2022/3/12,20399.065
2022/3/13,20183.45405
2022/3/14,17698.03593
2022/3/15,19512.80453
2022/3/16,20634.27572
2022/3/17,19450.15859
2022/3/18,19325.86426
2022/3/19,19166.90724
2022/3/20,19007.9407
2022/3/21,18775.71089
2022/3/22,18648.61501
2022/3/23,18157.09597
2022/3/24,17611.45059
2022/3/25,18088.42144
2022/3/26,17417.12787
2022/3/27,18661.70994
2022/3/28,18215.47761
2022/3/29,17698.03593
2022/3/30,16898.41505
2022/3/31,17552.17753
2022/4/1,16794.65045
2022/4/2,16850.73703
2022/4/3,16700.29744
2022/4/4,16192.34235
2022/4/5,17224.79844
2022/4/6,16557.89915
2022/4/7,16643.54231
2022/4/8,16700.29744
2022/4/9,15653.31745
2022/4/10,16545.84092
2022/4/11,15770.20477
2022/4/12,16119.35548
2022/4/13,15889.1859
2022/4/14,15828.34164
2022/4/15,15967.2462
2022/4/16,15926.3196
2022/4/17,15828.66327
2022/4/18,16036.32173
2022/4/19,16845.703
2022/4/20,15789.91686
2022/4/21,15783.6941
2022/4/22,16141.67123
2022/4/23,16392.17116
2022/4/24,16120.60631
2022/4/25,16209.09047
2022/4/26,16598.96836
2022/4/27,16700.29744
2022/4/28,17145.51577
2022/4/29,16847.67092
2022/4/30,17376.00217
2022/5/1,17442.02222
2022/5/2,17522.54812
2022/5/3,17793.91776
2022/5/4,17990.36548
2022/5/5,17932.38243
2022/5/6,17619.01512
2022/5/7,18309.41342
2022/5/8,18162.32502
2022/5/9,18930.24738
2022/5/10,18063.07906
2022/5/11,18016.66388
2022/5/12,18539.21019
2022/5/13,18547.93327
2022/5/14,18348.48866
2022/5/15,17862.92727
2022/5/16,18224.54965
2022/5/17,18710.39475
2022/5/18,18376.25675
2022/5/19,18554.71085
2022/5/20,18382.18484
2022/5/21,18764.20742
2022/5/22,18460.94157
2022/5/23,18875.36991
2022/5/24,18824.7996
2022/5/25,18013.34217
2022/5/26,18110.62047
2022/5/27,18319.20499
2022/5/28,18126.95523
2022/5/29,17850.24165
2022/5/30,17777.99993
2022/5/31,18334.7593
2022/6/1,18652.66812
2022/6/2,18412.70681
2022/6/3,17498.52178
2022/6/4,17100.17254
2022/6/5,17491.76195
2022/6/6,17706.65044
2022/6/7,17885.35189
2022/6/8,18403.48248
2022/6/9,17928.17085
2022/6/10,17969.40277
2022/6/11,17965.6566
2022/6/12,17804.98225
2022/6/13,18230.47062
2022/6/14,18152.20832
2022/6/15,18518.39405
2022/6/16,18516.43571
2022/6/17,18858.87051
2022/6/18,19064.53345
2022/6/19,18442.3306
2022/6/20,19268.75545
2022/6/21,18942.13557
2022/6/22,19246.42204
2022/6/23,18652.66812
2022/6/24,18166.94736
2022/6/25,18468.37059
2022/6/26,18489.50029
2022/6/27,18887.15858
2022/6/28,18641.58668
2022/6/29,18996.11344
2022/6/30,19531.05789
2022/7/1,19107.23393
2022/7/2,18824.94192
2022/7/3,18573.37257
2022/7/4,19703.45318
2022/7/5,19942.93976
2022/7/6,19899.56001
2022/7/7,19339.17666
2022/7/8,19532.62682
2022/7/9,19073.66041
2022/7/10,18959.65886
2022/7/11,19864.48522
2022/7/12,20286.72078
2022/7/13,19303.21617
2022/7/14,18227.42932
2022/7/15,19198.11052
2022/7/16,18712.24417
2022/7/17,18636.50749
2022/7/18,19420.77583
2022/7/19,19751.54699
2022/7/20,20074.33654
2022/7/21,19973.29192
2022/7/22,20266.92355
2022/7/23,19937.5937
2022/7/24,18780.71734
2022/7/25,20030.00536
2022/7/26,20572.1872
2022/7/27,21021.82203
2022/7/28,20874.593
2022/7/29,20327.58343
2022/7/30,20281.10163
2022/7/31,20063.74603
2022/8/1,21257.0994
2022/8/2,21710.34224
2022/8/3,21567.70004
2022/8/4,21336.08114
2022/8/5,20336.78991
2022/8/6,20482.67362
2022/8/7,19281.00197
2022/8/8,19045.40944
2022/8/9,18938.7937
2022/8/10,19202.57315
2022/8/11,19308.07362
2022/8/12,19710.48685
2022/8/13,19317.8493
2022/8/14,18923.28553
2022/8/15,18642.00794
2022/8/16,19416.61079
2022/8/17,19248.77319
2022/8/18,19422.62659
2022/8/19,18713.26535
2022/8/20,17928.02024
2022/8/21,18029.25883
2022/8/22,18122.87134
2022/8/23,18310.15696
2022/8/24,19305.93093
2022/8/25,18091.14185
2022/8/26,18129.67889
2022/8/27,17968.34391
2022/8/28,17794.76297
2022/8/29,19378.40381
2022/8/30,18460.6463
2022/8/31,18981.14797
2022/9/1,18673.83458
2022/9/2,18869.0697
2022/9/3,18647.49745
2022/9/4,18109.88491
2022/9/5,18957.22804
2022/9/6,18636.68388
2022/9/7,18810.11223
2022/9/8,19267.02937
2022/9/9,19143.34272
2022/9/10,17850.12167
2022/9/11,18364.77006
2022/9/12,19005.5347
2022/9/13,18795.71181
2022/9/14,19395.88932
2022/9/15,19112.80991
2022/9/16,19017.75135
2022/9/17,18459.62111
2022/9/18,18348.32932
2022/9/19,18868.40165
2022/9/20,18581.41579
2022/9/21,19048.4844
2022/9/22,19119.59259
2022/9/23,19101.98662
2022/9/24,18485.29155
2022/9/25,18599.71333
2022/9/26,18732.04198
2022/9/27,18891.74998
2022/9/28,18807.89728
2022/9/29,18515.40412
2022/9/30,18406.21286
2022/10/1,17273.33139
2022/10/2,17268.01609
2022/10/3,17374.17918
2022/10/4,17988.22851
2022/10/5,18323.23234
2022/10/6,18877.88601
2022/10/7,18894.02994
2022/10/8,19379.5354
2022/10/9,19914.4637
2022/10/10,20697.53986
2022/10/11,19818.20042
2022/10/12,19707.99404
2022/10/13,19878.24022
2022/10/14,19934.55937
2022/10/15,19463.02372
2022/10/16,19728.25329
2022/10/17,20665.88536
2022/10/18,20929.58032
2022/10/19,21276.18004
2022/10/20,20708.24013
2022/10/21,21146.68824
2022/10/22,21158.62088
2022/10/23,21112.88498
2022/10/24,21296.13185
2022/10/25,21941.13217
2022/10/26,21745.72018
2022/10/27,21510.03673
2022/10/28,21836.43653
2022/10/29,21604.91974
2022/10/30,21146.7799
2022/10/31,21520.4669
2022/11/1,21626.22058
2022/11/2,22068.43378
2022/11/3,22135.75928
2022/11/4,22150.79448
2022/11/5,22283.8588
2022/11/6,21962.19745
2022/11/7,21984.40247
2022/11/8,21733.08666
2022/11/9,22099.11548
2022/11/10,22108.29573
2022/11/11,22047.57467
2022/11/12,22173.71124
2022/11/13,22101.56312
2022/11/14,22932.99921
2022/11/15,22799.411
2022/11/16,23096.44913
2022/11/17,22789.18001
2022/11/18,22538.12306
2022/11/19,22976.49399
2022/11/20,22174.04227
2022/11/21,22862.97302
2022/11/22,22614.07665
2022/11/23,22670.83272
2022/11/24,22585.20011
2022/11/25,22226.00748
2022/11/26,22812.39485
2022/11/27,22146.38429
2022/11/28,22073.44709
2022/11/29,24279.6525
2022/11/30,24332.67872
2022/12/1,25261.53239
2022/12/2,23373.85434
2022/12/3,24263.35745
2022/12/4,24203.15572
2022/12/5,24376.2615
2022/12/6,24842.32787
2022/12/7,24517.38792
2022/12/8,24200.54894
2022/12/9,24283.52463
2022/12/10,23623.83568
2022/12/11,23452.51767
2022/12/12,24663.09223
2022/12/13,25261.53239
2022/12/14,24663.09223
2022/12/15,25319.47475
2022/12/16,24620.82426
2022/12/17,24758.49345
2022/12/18,24499.17899
2022/12/19,24313.59124
2022/12/20,24214.40222
2022/12/21,24069.11861
2022/12/22,24859.52171
2022/12/23,24842.32787
2022/12/24,24362.56711
2022/12/25,23937.74586
2022/12/26,24510.31172
2022/12/27,24825.8064
2022/12/28,24575.99426
2022/12/29,24440.53001
2022/12/30,24754.99134
2022/12/31,24876.847
2023/1/1,24855.69232
2023/1/2,24599.75898
2023/1/3,24470.82386
2023/1/4,25031.60391
2023/1/5,25031.60391
2023/1/6,24965.98812
2023/1/7,24961.07723
2023/1/8,24902.65231
2023/1/9,24813.9216
2023/1/10,25356.93525
2023/1/11,24593.40974
2023/1/12,24075.34271
2023/1/13,25275.57498
2023/1/14,24581.14322
2023/1/15,24795.54371
2023/1/16,24683.81965
2023/1/17,25021.87353
2023/1/18,24989.23657
2023/1/19,23425.82581
2023/1/20,23884.40948
2023/1/21,23279.54178
2023/1/22,22050.57905
2023/1/23,23093.07719
2023/1/24,24264.16302
2023/1/25,23449.79817
2023/1/26,22721.24392
2023/1/27,24156.92167
2023/1/28,24228.44427
2023/1/29,23974.19949
2023/1/30,24003.63934
2023/1/31,24002.92121
2023/2/1,24395.32516
2023/2/2,24744.83025
2023/2/3,24464.82028
2023/2/4,23884.70333
2023/2/5,23169.89723
2023/2/6,24418.40907
2023/2/7,24193.24281
2023/2/8,24631.75438
2023/2/9,24283.52605
2023/2/10,24283.52605
2023/2/11,24041.95596
2023/2/12,23987.30852
2023/2/13,24679.9839
2023/2/14,24864.83113
2023/2/15,24689.14403
2023/2/16,24439.32155
2023/2/17,23945.83436
2023/2/18,23431.81843
2023/2/19,23714.80234
2023/2/20,24357.26066
2023/2/21,24069.95748
2023/2/22,24276.85781
2023/2/23,23890.67092
2023/2/24,24431.61207
2023/2/25,23393.92864
2023/2/26,23397.75559
2023/2/27,24102.1043
2023/2/28,23339.51376
2023/3/1,23613.62422
2023/3/2,23994.24954
2023/3/3,23046.83239
2023/3/4,22065.09517
2023/3/5,22809.72644
2023/3/6,21947.82755
2023/3/7,22227.07396
2023/3/8,21996.3356
2023/3/9,21961.78442
2023/3/10,22911.65276
2023/3/11,22261.98558
2023/3/12,22317.61776
2023/3/13,22462.92976
2023/3/14,22761.37698
2023/3/15,22903.48241
2023/3/16,22743.07273
2023/3/17,22340.2286
2023/3/18,21506.54583
2023/3/19,21564.08346
2023/3/20,22021.42808
2023/3/21,21666.50991
2023/3/22,22149.55831
2023/3/23,22646.00322
2023/3/24,21884.37319
2023/3/25,21616.17158
2023/3/26,21311.18138
2023/3/27,21574.94599
2023/3/28,21337.25462
2023/3/29,21534.61277
2023/3/30,20907.13163
2023/3/31,21005.2062
2023/4/1,21148.06669
2023/4/2,20501.32443
2023/4/3,20586.30366
2023/4/4,20752.89444
2023/4/5,19999.21484
2023/4/6,20663.42478
2023/4/7,21600.92992
2023/4/8,20779.17266
2023/4/9,20951.34225
2023/4/10,20524.23265
2023/4/11,20803.40302
2023/4/12,21009.28691
2023/4/13,20120.29829
2023/4/14,20133.40309
2023/4/15,19884.62221
2023/4/16,19675.49162
2023/4/17,19950.55104
2023/4/18,20412.10174
2023/4/19,19958.52969
2023/4/20,20553.81625
2023/4/21,20242.52571
2023/4/22,20333.69182
2023/4/23,20438.62591
2023/4/24,20330.24792
2023/4/25,21225.59248
2023/4/26,20796.60356
2023/4/27,20549.46284
2023/4/28,20414.11575
2023/4/29,20066.20813
2023/4/30,19551.35385
2023/5/1,19075.07447
2023/5/2,18698.67652
2023/5/3,18361.22474
2023/5/4,19702.25527
2023/5/5,20209.26876
2023/5/6,19833.57325
2023/5/7,19714.29618
2023/5/8,20116.59568
2023/5/9,20248.64999
2023/5/10,20477.80194
2023/5/11,19979.11011
2023/5/12,20818.86648
2023/5/13,19659.24772
2023/5/14,19574.59486
2023/5/15,20259.36008
2023/5/16,19568.79569
2023/5/17,20340.64178
2023/5/18,20079.73034
2023/5/19,19794.96707
2023/5/20,19300.92732
2023/5/21,19914.3937
2023/5/22,20355.82708
2023/5/23,19872.71012
2023/5/24,21001.59684
2023/5/25,19324.32184
2023/5/26,19712.22762
2023/5/27,19648.14122
2023/5/28,19703.79459
2023/5/29,19863.60672
2023/5/30,20044.53005
2023/5/31,19643.40608
2023/6/1,19298.47122
2023/6/2,19616.43651
2023/6/3,19819.55226
2023/6/4,19321.95849
2023/6/5,19680.2912
2023/6/6,20095.97504
2023/6/7,20030.6949
2023/6/8,20009.82976
2023/6/9,19775.67232
2023/6/10,19403.16157
2023/6/11,18593.01443
2023/6/12,19082.13508
2023/6/13,19601.49896
2023/6/14,19355.39025
2023/6/15,20060.14474
2023/6/16,21090.97093
2023/6/17,20708.36696
2023/6/18,20646.08315
2023/6/19,21634.18356
2023/6/20,20276.73652
2023/6/21,20222.60116
2023/6/22,19330.29073
2023/6/23,19687.66475
2023/6/24,20756.76697
2023/6/25,21778.79789
2023/6/26,21776.30052
2023/6/27,20763.47393
2023/6/28,21410.53633
2023/6/29,20966.61562
2023/6/30,20869.06495
2023/7/1,20515.59794
2023/7/2,20137.89796
2023/7/3,21462.83367
2023/7/4,21336.41199
2023/7/5,19812.13988
2023/7/6,20707.12071
2023/7/7,19853.06466
2023/7/8,19896.89329
2023/7/9,20076.16788
2023/7/10,19920.07682
2023/7/11,19915.00414
2023/7/12,20017.04631
2023/7/13,21038.23744
2023/7/14,19642.12715
2023/7/15,20144.17827
2023/7/16,18460.92103
2023/7/17,19782.30166
2023/7/18,20485.29521
2023/7/19,20630.97044
2023/7/20,22538.71541
2023/7/21,20852.55394
2023/7/22,20115.66363
2023/7/23,19636.42338
2023/7/24,20872.81071
2023/7/25,21261.62595
2023/7/26,21311.32539
2023/7/27,21149.66832
2023/7/28,21024.995
2023/7/29,20872.1815
2023/7/30,20870.70006
2023/7/31,21400.20504
2023/8/1,21277.73967
2023/8/2,20228.38074
2023/8/3,20823.64841
2023/8/4,21172.68275
2023/8/5,18968.26935
2023/8/6,18772.41282
2023/8/7,19630.43562
2023/8/8,20277.04267
2023/8/9,20639.18047
2023/8/10,20289.35081
2023/8/11,20295.18367
2023/8/12,20318.65737
2023/8/13,19954.06551
2023/8/14,21130.39007
2023/8/15,21660.21022
2023/8/16,22468.92267
2023/8/17,22828.8417
2023/8/18,22807.11077
2023/8/19,21337.14477
2023/8/20,21385.08661
2023/8/21,21262.17805
2023/8/22,20660.4981
2023/8/23,20915.07865
2023/8/24,21185.85523
2023/8/25,20496.36763
2023/8/26,20345.4317
2023/8/27,20057.9091
2023/8/28,20187.52355
2023/8/29,20209.42476
2023/8/30,20034.51834
2023/8/31,20041.15772
2023/9/1,19964.81871
2023/9/2,19557.80613
2023/9/3,19865.06099
2023/9/4,20717.87845
2023/9/5,20458.01461
2023/9/6,20660.86185
2023/9/7,20891.25042
2023/9/8,21191.51392
2023/9/9,20407.78958
2023/9/10,20441.62377
2023/9/11,21056.17162
2023/9/12,20549.99264
2023/9/13,20059.87005
2023/9/14,20259.17478
2023/9/15,20113.24613
2023/9/16,20325.26608
2023/9/17,20228.36518
2023/9/18,19926.14891
2023/9/19,20218.17541
2023/9/20,20102.66213
2023/9/21,19834.00106
2023/9/22,20394.06504
2023/9/23,19558.05569
2023/9/24,19512.19206
2023/9/25,19698.88012
2023/9/26,19951.0759
2023/9/27,19826.0042
2023/9/28,19751.75287
2023/9/29,17895.34617
2023/9/30,17991.94482
2023/10/1,17347.62673
2023/10/2,17530.3848
2023/10/3,18411.76339
2023/10/4,22579.49904
2023/10/5,19433.20704
2023/10/6,19233.23789
2023/10/7,19596.82435
2023/10/8,20665.15021
2023/10/9,21118.4285
2023/10/10,20631.99751
2023/10/11,20550.35714
2023/10/12,21013.08795
2023/10/13,20797.408
2023/10/14,20172.82176
2023/10/15,20426.82044
2023/10/16,20353.16102
2023/10/17,21303.45542
2023/10/18,21178.93623
2023/10/19,21882.5653
2023/10/20,22386.86137
2023/10/21,21827.35313
2023/10/22,22038.41949
2023/10/23,22623.11201
2023/10/24,21925.08905
2023/10/25,21890.54135
2023/10/26,22141.78504
2023/10/27,22579.49904
2023/10/28,22144.10788
2023/10/29,21989.69559
2023/10/30,22480.79776
2023/10/31,22680.05265
2023/11/1,22321.92256
2023/11/2,22414.30539
2023/11/3,22384.64904
2023/11/4,22148.72579
2023/11/5,22810.30743
2023/11/6,22983.87596
2023/11/7,23229.12957
2023/11/8,24347.00923
2023/11/9,24539.58261
2023/11/10,24917.64735
2023/11/11,24340.43852
2023/11/12,24564.402
2023/11/13,24618.65362
2023/11/14,25021.79736
2023/11/15,24963.75593
2023/11/16,24725.98612
2023/11/17,25114.9955
2023/11/18,24116.53255
2023/11/19,23934.66305
2023/11/20,24870.93386
2023/11/21,21351.54025
2023/11/22,24303.84733
2023/11/23,24269.1069
2023/11/24,24963.75593
2023/11/25,24637.21752
2023/11/26,25078.41508
2023/11/27,24373.99881
2023/11/28,25218.49862
2023/11/29,24369.92683
2023/11/30,24408.67979
2023/12/1,24711.16136
2023/12/2,23773.18487
2023/12/3,26282.53172
2023/12/4,23996.83161
2023/12/5,24332.2038
2023/12/6,24624.34929
2023/12/7,25402.92549
2023/12/8,25017.09024
2023/12/9,24961.60147
2023/12/10,25227.7116
2023/12/11,26081.5614
2023/12/12,26997.25893
2023/12/13,26901.12444
2023/12/14,27357.92349
2023/12/15,27286.68681
2023/12/16,26500.76109
2023/12/17,27052.80116
2023/12/18,27414.54512
2023/12/19,27918.20118
2023/12/20,28173.60965
2023/12/21,27424.57254
2023/12/22,28137.53548
2023/12/23,27742.79013
2023/12/24,27062.37514
2023/12/25,27120.2606
2023/12/26,27390.18606
2023/12/27,26548.98853
2023/12/28,26784.45619
2023/12/29,26447.8804
2023/12/30,25364.02685
2023/12/31,25455.52448
2024/1/1,25235.09232
2024/1/2,26447.84244
2024/1/3,26912.39795
2024/1/4,26255.67771
2024/1/5,26517.13322
2024/1/6,25906.21106
2024/1/7,26789.03141
2024/1/8,26781.44623
2024/1/9,26468.36905
2024/1/10,26309.9493
2024/1/11,26789.34333
2024/1/12,26350.2852
2024/1/13,26299.96508
2024/1/14,24899.19012
2024/1/15,26734.01757
2024/1/16,26020.45136
2024/1/17,26397.32597
2024/1/18,26305.37799
2024/1/19,26622.44326
2024/1/20,25830.44381
2024/1/21,25914.89893
2024/1/22,26959.21471
2024/1/23,27614.77578
2024/1/24,27655.6091
2024/1/25,26681.0314
2024/1/26,26468.76369
2024/1/27,26227.63478
2024/1/28,25695.95937
2024/1/29,26423.88711
2024/1/30,26566.63151
2024/1/31,26444.29454
2024/2/1,28055.20946
2024/2/2,27134.99496
2024/2/3,26890.39245
2024/2/4,26749.42987
2024/2/5,26628.84092
2024/2/6,26477.71974
2024/2/7,25586.44332
2024/2/8,25062.01148
2024/2/9,24228.69323
2024/2/10,22891.43014
2024/2/11,23412.87116
2024/2/12,23414.56728
2024/2/13,22927.50713
2024/2/14,22900.51801
2024/2/15,23315.51401
2024/2/16,23930.6411
2024/2/17,24319.20516
2024/2/18,23117.0905
2024/2/19,26190.9061
2024/2/20,25894.92173
2024/2/21,25955.78692
2024/2/22,25780.21199
2024/2/23,25460.62141
2024/2/24,25116.96084
2024/2/25,25065.42168
2024/2/26,25670.34738
2024/2/27,25652.2156
2024/2/28,25780.21198
2024/2/29,26224.70329
2024/3/1,26475.50256
2024/3/2,25521.10855
2024/3/3,25546.03692
2024/3/4,25351.76556
2024/3/5,25300.80676
2024/3/6,25065.0369
2024/3/7,24820.96573
2024/3/8,24735.9076
2024/3/9,23904.6663
2024/3/10,23503.91544
2024/3/11,23714.73642
2024/3/12,23840.22659
2024/3/13,24023.88248
2024/3/14,23860.09308
2024/3/15,22350.63088
2024/3/16,23397.95347
2024/3/17,22718.43379
2024/3/18,23392.59854
2024/3/19,23235.36352
2024/3/20,23292.45525
2024/3/21,23595.77001
2024/3/22,23098.42386
2024/3/23,23912.08196
2024/3/24,22722.07261
2024/3/25,22329.21448
2024/3/26,22590.30156
2024/3/27,24137.1421
2024/3/28,22809.81804
2024/3/29,23794.38971
2024/3/30,23443.50062
2024/3/31,22394.26302
2024/4/1,22490.21025
2024/4/2,21744.78919
2024/4/3,22910.43336
2024/4/4,20092.37054
2024/4/5,21328.04864
2024/4/6,21603.31395
2024/4/7,20889.23977
2024/4/8,21469.74816
2024/4/9,21075.63093
2024/4/10,21201.31856
2024/4/11,20207.04312
2024/4/12,19859.18123
2024/4/13,19634.50156
2024/4/14,19566.07203
2024/4/15,20076.58356
2024/4/16,20290.96628
2024/4/17,19689.68282
2024/4/18,20420.96628
2024/4/19,20487.58018
2024/4/20,19890.08783
2024/4/21,19597.06831
2024/4/22,19665.45153
2024/4/23,19302.04252
2024/4/24,19754.53455
2024/4/25,19203.96328
2024/4/26,19799.57361
2024/4/27,19589.65415
2024/4/28,19512.32333
2024/4/29,20330.47457
2024/4/30,19693.74024
2024/5/1,19161.22038
2024/5/2,17626.92147
2024/5/3,19472.06232
2024/5/4,19059.14888
2024/5/5,18928.18952
2024/5/6,20226.12579
2024/5/7,19702.81395
2024/5/8,20768.78447
2024/5/9,19316.12358
2024/5/10,19317.36069
2024/5/11,18769.80384
2024/5/12,18764.11337
2024/5/13,20269.38218
2024/5/14,19997.51837
2024/5/15,20043.24809
2024/5/16,19758.47395
2024/5/17,20707.63927
2024/5/18,19153.39608
2024/5/19,19290.54675
2024/5/20,19023.85868
2024/5/21,19557.55754
2024/5/22,19828.29642
2024/5/23,20343.46876
2024/5/24,20719.29147
2024/5/25,20083.0656
2024/5/26,18528.52846
2024/5/27,18871.23728
2024/5/28,19059.20928
2024/5/29,18716.01054
2024/5/30,19388.10352
2024/5/31,19294.53772
2024/6/1,19656.35756
2024/6/2,19115.29318
2024/6/3,18745.16307
2024/6/4,19465.89575
2024/6/5,19021.74162
2024/6/6,19684.34849
2024/6/7,19014.09232
2024/6/8,19326.08247
2024/6/9,17609.47532
2024/6/10,18700.19975
2024/6/11,19697.62666
2024/6/12,20487.13395
2024/6/13,19574.64508
2024/6/14,19022.69241
2024/6/15,19795.10967
2024/6/16,19474.89033
2024/6/17,20330.98693
2024/6/18,20478.27344
2024/6/19,21412.13132
2024/6/20,20979.70577
2024/6/21,21580.79811
2024/6/22,20533.52411
2024/6/23,19963.303
2024/6/24,19872.45836
2024/6/25,20284.54552
2024/6/26,20490.98756
2024/6/27,20906.92513
2024/6/28,21406.45788
2024/6/29,20508.04788
2024/6/30,20805.66126
2024/7/1,20885.87613
2024/7/2,20843.16852
2024/7/3,21079.61442
2024/7/4,19906.42745
2024/7/5,20483.36503
2024/7/6,20261.18581
2024/7/7,19862.68279
2024/7/8,20895.1728
2024/7/9,21122.97287
2024/7/10,21626.47736
2024/7/11,23184.02223
2024/7/12,21731.27499
2024/7/13,21343.53856
2024/7/14,21513.5259
2024/7/15,22440.29361
2024/7/16,22844.90632
2024/7/17,22271.95504
2024/7/18,22400.99446
2024/7/19,23041.88684
2024/7/20,22437.21435
2024/7/21,22496.1234
2024/7/22,22595.26925
2024/7/23,21500.69607
2024/7/24,21770.0014
2024/7/25,21892.08602
2024/7/26,20602.83533
2024/7/27,20477.48932
2024/7/28,20652.04132
2024/7/29,21404.00914
2024/7/30,21622.10426
2024/7/31,20632.62433
2024/8/1,19655.36072
2024/8/2,19929.04937
2024/8/3,20042.01225
2024/8/4,20177.00895
2024/8/5,20210.62684
2024/8/6,20511.78981
2024/8/7,21226.82615
2024/8/8,21656.94138
2024/8/9,21459.30784
2024/8/10,21692.16411
2024/8/11,20169.6956
2024/8/12,19336.99981
2024/8/13,20263.63547
2024/8/14,20727.55506
2024/8/15,21289.71135
2024/8/16,20978.97551
2024/8/17,21809.03486
2024/8/18,21637.59897
2024/8/19,21333.6536
2024/8/20,21295.46383
2024/8/21,21598.44326
2024/8/22,21347.25299
2024/8/23,20552.55985
2024/8/24,20439.13913
2024/8/25,20100.09736
2024/8/26,19585.88553
2024/8/27,20029.28913
2024/8/28,20051.12929
2024/8/29,19991.84707
2024/8/30,20265.02047
2024/8/31,19713.41676
2024/9/1,19229.69053
2024/9/2,18250.22234
2024/9/3,18982.96059
2024/9/4,19183.44124
2024/9/5,19148.85331
2024/9/6,18969.34514
2024/9/7,18912.89705
2024/9/8,18745.1261
2024/9/9,18574.52475
2024/9/10,19126.77344
2024/9/11,19102.51826
2024/9/12,19082.60776
2024/9/13,18970.99075
2024/9/14,18618.85832
2024/9/15,18509.09769
2024/9/16,18023.11439
2024/9/17,17656.05441
2024/9/18,16901.81432
2024/9/19,18098.18871
2024/9/20,18573.18051
2024/9/21,18729.81394
2024/9/22,18342.25094
2024/9/23,18067.95824
2024/9/24,18429.28317
2024/9/25,18464.39614
2024/9/26,18609.55523
2024/9/27,18601.74841
2024/9/28,18523.02887
2024/9/29,18409.35718
2024/9/30,18390.75663
2024/10/1,18107.07325
2024/10/2,15991.5264
2024/10/3,16831.7189
2024/10/4,16998.60965
2024/10/5,17487.17168
2024/10/6,17796.48891
2024/10/7,18411.13718
2024/10/8,18728.48454
2024/10/9,19128.90975
2024/10/10,19292.13541
2024/10/11,19448.01879
2024/10/12,19481.48852
2024/10/13,19584.36146
2024/10/14,19060.81076
2024/10/15,19438.19554
2024/10/16,19796.55516
2024/10/17,20034.49923
2024/10/18,20312.91081
2024/10/19,20685.95876
2024/10/20,20929.7136
2024/10/21,20509.81587
2024/10/22,20793.48534
2024/10/23,21219.43052
2024/10/24,21858.36623
2024/10/25,21213.99939
2024/10/26,21013.97123
2024/10/27,20999.01204
2024/10/28,21009.47021
2024/10/29,21347.2374
2024/10/30,21474.2399
2024/10/31,21482.32319
2024/11/1,21488.58315
2024/11/2,21362.57475
2024/11/3,21088.54352
2024/11/4,20967.31405
2024/11/5,21563.89451
2024/11/6,22030.05922
2024/11/7,22494.52413
2024/11/8,22256.22441
2024/11/9,22129.25653
2024/11/10,21246.59935
2024/11/11,20792.85228
2024/11/12,21613.98224
2024/11/13,21748.62143
2024/11/14,21683.67241
2024/11/15,21724.5671
2024/11/16,21603.05752
2024/11/17,21283.13328
2024/11/18,21607.98632
2024/11/19,22773.11716
2024/11/20,23014.61014
2024/11/21,22576.38941
2024/11/22,22644.14342
2024/11/23,22997.93611
2024/11/24,22753.69576
2024/11/25,22235.13483
2024/11/26,22594.15129
2024/11/27,23168.81162
2024/11/28,23948.46514
2024/11/29,24047.47493
2024/11/30,24057.38948
2024/12/1,24039.76202
2024/12/2,23604.48006
2024/12/3,24557.51571
2024/12/4,25119.24987
2024/12/5,25184.16546
2024/12/6,25275.3734
2024/12/7,25469.03349
2024/12/8,24847.77918
2024/12/9,24570.70438
2024/12/10,24946.89775
2024/12/11,24835.87012
2024/12/12,25157.8303
2024/12/13,25500.89352
2024/12/14,25688.52388
2024/12/15,24920.94866
2024/12/16,24557.9989
2024/12/17,25471.79694
2024/12/18,25938.45552
2024/12/19,26055.36777
2024/12/20,26193.25903
2024/12/21,26073.10825
2024/12/22,25605.95836
2024/12/23,25144.62377
2024/12/24,25972.46312
2024/12/25,25934.67205
2024/12/26,25409.94618
2024/12/27,25907.52293
2024/12/28,25891.70048
2024/12/29,25385.37005
2024/12/30,24999.60748
2024/12/31,25071.82734
2025/1/1,23947.75376
2025/1/2,23403.04016
2025/1/3,23987.09396
2025/1/4,24553.28774
2025/1/5,24309.86918
2025/1/6,24574.71539
2025/1/7,25258.01032
2025/1/8,25614.18075
2025/1/9,26126.96736
2025/1/10,26443.42706
2025/1/11,26148.52194
2025/1/12,25511.52709
2025/1/13,24820.28894
2025/1/14,26155.14127
2025/1/15,25657.57788
2025/1/16,25498.43514
2025/1/17,24885.77737
2025/1/18,24335.69507
2025/1/19,23535.37599
2025/1/20,23297.23478
2025/1/21,24098.59232
2025/1/22,24043.61604
2025/1/23,23941.14725
2025/1/24,23781.12256
2025/1/25,23600.9651
2025/1/26,22737.57087
2025/1/27,22388.03412
2025/1/28,21526.53244
2025/1/29,20998.46339
2025/1/30,19702.21219
2025/1/31,19973.26703
2025/2/1,20832.55821
2025/2/2,20879.95408
2025/2/3,21032.17561
2025/2/4,21826.4045
2025/2/5,22587.73376
2025/2/6,23793.53288
2025/2/7,24292.73828
2025/2/8,24716.83104
2025/2/9,24415.90897
2025/2/10,24086.78761
2025/2/11,24498.14143
2025/2/12,24090.57794
2025/2/13,23447.98978
2025/2/14,23790.32143
2025/2/15,23297.20249
2025/2/16,22526.43654
2025/2/17,22572.6647
2025/2/18,23662.65818
2025/2/19,24192.65612
2025/2/20,24369.09951
2025/2/21,24463.96575
2025/2/22,24698.13933
2025/2/23,24049.36026
2025/2/24,23449.96405
2025/2/25,23691.5581
2025/2/26,23436.40216
2025/2/27,23689.08392
2025/2/28,22706.74202
2025/3/1,22616.59682
2025/3/2,22323.57956
2025/3/3,22583.04426
2025/3/4,23061.10272
2025/3/5,23349.34489
2025/3/6,22937.04352
2025/3/7,22844.81986
2025/3/8,22700.76948
2025/3/9,22011.179
2025/3/10,21317.53809
2025/3/11,21426.2788
2025/3/12,21628.05245
2025/3/13,21741.08115
2025/3/14,21784.7911
2025/3/15,21915.73048
2025/3/16,21808.71874
2025/3/17,21929.19264
2025/3/18,22455.26962
2025/3/19,22466.97979
2025/3/20,22333.21275
2025/3/21,21754.99764
2025/3/22,21072.97894
2025/3/23,20688.65678
2025/3/24,20311.1874
2025/3/25,20868.39494
2025/3/26,21839.40735
2025/3/27,22148.11323
2025/3/28,22282.13751
2025/3/29,21995.14878
2025/3/30,21995.06744
2025/3/31,21885.57111
2025/4/1,21493.8374
2025/4/2,21456.49542
2025/4/3,21119.73273
2025/4/4,20489.36013
2025/4/5,18947.98989
2025/4/6,19192.5102
2025/4/7,19838.47382
2025/4/8,20386.11224
2025/4/9,20157.52219
2025/4/10,19994.02124
2025/4/11,19666.69183
2025/4/12,19577.62398
2025/4/13,19498.30745
2025/4/14,19465.52932
2025/4/15,20542.81804
2025/4/16,20579.73484
2025/4/17,20242.82538
2025/4/18,20020.47193
2025/4/19,20028.96666
2025/4/20,19854.88063
2025/4/21,19808.10299
2025/4/22,19586.59996
2025/4/23,19401.36855
2025/4/24,19324.38536
2025/4/25,19698.70764
2025/4/26,20046.74799
2025/4/27,19688.85124
2025/4/28,20117.9241
2025/4/29,19965.5007
2025/4/30,20256.56273
2025/5/1,19721.08424
2025/5/2,18290.96661
2025/5/3,17798.11051
2025/5/4,18332.0374
2025/5/5,18800.61836
2025/5/6,19357.67376
2025/5/7,19908.136
2025/5/8,19812.40127
2025/5/9,19986.24244
2025/5/10,19856.80275
2025/5/11,19543.92588
2025/5/12,19205.11597
2025/5/13,19725.39418
2025/5/14,19873.68315
2025/5/15,20009.49033
2025/5/16,19943.90831
2025/5/17,19715.67734
2025/5/18,19330.95779
2025/5/19,19254.99337
2025/5/20,19799.07747
2025/5/21,20050.5605
2025/5/22,20225.29942
2025/5/23,20334.76915
2025/5/24,20295.81031
2025/5/25,19937.37939
2025/5/26,19546.0457
2025/5/27,20111.9241
2025/5/28,20343.43168
2025/5/29,20521.14298
2025/5/30,20528.10043
2025/5/31,20533.03856
2025/6/1,19152.30913
2025/6/2,18642.82059
2025/6/3,18967.36115
2025/6/4,19414.303
2025/6/5,19767.15793
2025/6/6,19790.81888
2025/6/7,20162.43084
2025/6/8,19921.36825
2025/6/9,20093.02819
2025/6/10,20447.71662
2025/6/11,20043.70597
2025/6/12,20491.14025
2025/6/13,20769.34781
2025/6/14,20873.50175
2025/6/15,20758.9694
2025/6/16,20288.03189
2025/6/17,20789.01108
2025/6/18,21193.7231
2025/6/19,21141.90947
2025/6/20,20779.33632
2025/6/21,20596.98346
2025/6/22,20123.26606
2025/6/23,20558.57299
2025/6/24,21697.95766
2025/6/25,22457.46032
2025/6/26,23321.71823
2025/6/27,23808.50251
2025/6/28,23149.90912
2025/6/29,21544.80664
2025/6/30,21396.72007
